{"eval_exact_match": 45.23506988564168, "eval_f1": 51.1084313793228}