{"eval_exact_match": 44.218551461245234, "eval_f1": 50.92922025568015}